DATE,Consommation,Thermique,Nucléaire,Eolien,Solaire,Hydraulique,Pompage,Bioénergies,index,TM,FFM,UM,RR
20200101,5415.604166666667,963.5625,12030.9375,373.2708333333333,10.5,986.8958333333334,-159.29166666666666,119.91666666666667,30528,-1.4,1.9,97.0,0.0
20200102,5896.416666666667,1651.7083333333333,11990.520833333334,770.8333333333334,12.75,991.6666666666666,-107.79166666666667,121.27083333333333,30529,2.0,3.6,95.0,0.0
20200103,5795.541666666667,1251.0,10793.229166666666,2020.75,8.625,898.0833333333334,-116.54166666666667,123.10416666666667,30530,6.3,6.4,91.0,3.4
20200104,5479.083333333333,1079.3333333333333,11697.9375,547.5208333333334,29.75,848.0833333333334,-132.70833333333334,124.08333333333333,30531,3.8,3.1,90.0,0.0
20200105,5355.791666666667,1662.2291666666667,11664.583333333334,75.35416666666667,34.916666666666664,869.6875,-75.27083333333333,123.66666666666667,30532,2.9,1.4,90.0,0.0
20200106,6396.8125,1511.1666666666667,12010.291666666666,840.125,36.0,868.0,-100.10416666666667,122.8125,30533,1.2,3.0,89.0,0.0
20200107,6482.875,1744.0625,11918.479166666666,673.2291666666666,15.916666666666666,890.7708333333334,-145.75,123.45833333333333,30534,3.9,3.8,92.0,0.0
20200108,6418.041666666667,1498.625,11936.0,971.9166666666666,9.020833333333334,868.25,-142.79166666666666,115.375,30535,7.0,4.3,95.0,0.0
20200109,6049.791666666667,982.1458333333334,11104.916666666666,2043.0625,13.5,795.3333333333334,-124.625,122.33333333333333,30536,9.0,6.5,83.0,3.2
20200110,6077.104166666667,1518.3333333333333,12075.520833333334,1535.25,12.208333333333334,837.1666666666666,-137.02083333333334,123.9375,30537,6.6,5.4,89.0,0.8
20200111,5651.645833333333,1221.25,11944.3125,241.29166666666666,21.1875,740.1875,-111.35416666666667,124.85416666666667,30538,3.2,1.7,85.0,0.0
20200112,5551.375,416.625,11503.541666666666,1316.7916666666667,17.0625,700.625,-151.5625,123.29166666666667,30539,3.3,4.8,87.0,0.0
20200113,6119.729166666667,1469.625,12017.166666666666,1177.1666666666667,14.875,788.7708333333334,-117.64583333333333,122.58333333333333,30540,5.3,4.4,90.0,0.0
20200114,6321.333333333333,1155.3541666666667,10966.375,2906.7291666666665,18.8125,711.625,-168.77083333333334,122.79166666666667,30541,8.3,8.3,66.0,0.0
20200115,6073.020833333333,1306.3125,10968.708333333334,2470.8125,47.583333333333336,717.5,-129.52083333333334,121.45833333333333,30542,10.0,7.7,67.0,0.0
20200116,5930.395833333333,1645.3333333333333,11444.1875,1146.9375,54.1875,668.3125,-113.45833333333333,119.60416666666667,30543,8.5,3.7,76.0,0.0
20200117,6122.875,1568.3958333333333,12017.0,1829.9791666666667,10.5,550.3125,-167.70833333333334,120.89583333333333,30544,6.9,5.5,83.0,0.6
20200118,5749.25,1635.8125,12077.833333333334,690.8958333333334,21.625,675.4583333333334,-1.375,120.5,30545,2.2,3.4,90.0,0.2
20200119,5700.5625,1735.9166666666667,11742.104166666666,780.4791666666666,32.833333333333336,657.2291666666666,-36.0,114.0625,30546,0.5,2.9,92.0,0.0
20200120,6363.5625,1894.375,12080.770833333334,1655.125,58.083333333333336,656.5625,-113.0625,112.58333333333333,30547,2.2,5.1,77.0,0.0
20200121,6800.25,1892.3541666666667,11990.166666666666,616.7083333333334,59.875,670.6666666666666,-143.29166666666666,112.1875,30548,-0.3,1.9,83.0,0.0
20200122,7045.895833333333,1917.7708333333333,11970.645833333334,594.6041666666666,40.708333333333336,670.0625,-134.52083333333334,111.04166666666667,30549,-3.2,1.8,93.0,0.0
20200123,7018.541666666667,1995.0,12031.979166666666,961.3541666666666,25.604166666666668,678.625,-123.5625,115.375,30550,-1.7,3.3,91.0,0.0
20200124,6791.666666666667,1848.8333333333333,11806.729166666666,249.39583333333334,40.958333333333336,663.0208333333334,-130.45833333333334,121.02083333333333,30551,0.6,1.9,92.0,0.0
20200125,6250.6875,1892.875,10978.604166666666,180.52083333333334,35.020833333333336,626.3958333333334,-76.875,123.8125,30552,2.5,1.4,90.0,0.0
20200126,5724.958333333333,1862.625,10606.1875,627.6875,42.1875,597.375,-109.47916666666667,122.54166666666667,30553,5.2,3.6,88.0,0.0
20200127,6322.395833333333,1603.6458333333333,11263.979166666666,2639.2708333333335,9.583333333333334,675.5,-131.47916666666666,120.95833333333333,30554,6.0,8.6,88.0,14.3
20200128,6441.833333333333,1589.7916666666667,11700.125,2912.875,27.729166666666668,733.4166666666666,-174.91666666666666,111.75,30555,4.3,9.5,82.0,6.4
20200129,6550.833333333333,1650.5416666666667,10579.270833333334,1982.8333333333333,26.6875,828.1666666666666,-147.375,111.6875,30556,3.8,5.3,86.0,3.0
20200130,6368.020833333333,1510.0416666666667,11695.416666666666,2020.1666666666667,24.854166666666668,844.0833333333334,-111.22916666666667,121.77083333333333,30557,6.6,6.4,89.0,2.8
20200131,5814.145833333333,1213.375,11216.75,1811.0208333333333,17.979166666666668,894.3958333333334,-139.52083333333334,120.64583333333333,30558,11.0,6.5,95.0,2.0
20200201,5211.104166666667,279.6666666666667,9515.895833333334,2657.625,11.875,910.1041666666666,-56.083333333333336,123.91666666666667,30559,10.5,7.8,89.0,18.5
20200202,4858.5625,280.0208333333333,8794.604166666666,2492.7291666666665,12.729166666666666,898.0416666666666,-127.3125,122.58333333333333,30560,11.3,7.0,92.0,33.3
20200203,5658.375,894.8125,10502.708333333334,1840.3333333333333,13.916666666666666,1059.9583333333333,-55.3125,120.8125,30561,10.0,6.2,88.0,8.2
20200204,6157.895833333333,1011.2291666666666,10911.041666666666,2353.3333333333335,34.479166666666664,998.0416666666666,-97.39583333333333,115.54166666666667,30562,4.3,6.3,82.0,0.6
20200205,6220.1875,1551.0208333333333,10989.4375,406.375,67.83333333333333,1031.375,-41.0,119.1875,30563,3.5,2.3,78.0,0.0
20200206,6349.354166666667,1744.6875,9517.375,501.3541666666667,77.4375,1113.5416666666667,-80.16666666666667,113.4375,30564,2.9,1.9,65.0,0.0
20200207,6387.791666666667,1761.0833333333333,9967.958333333334,1051.5416666666667,75.47916666666667,1120.7708333333333,-75.89583333333333,114.41666666666667,30565,2.5,2.0,72.0,0.0
20200208,5713.291666666667,911.1666666666666,9755.875,696.8958333333334,38.791666666666664,1069.0,-167.64583333333334,114.83333333333333,30566,6.4,3.4,73.0,0.0
20200209,5198.375,286.8958333333333,7376.416666666667,2698.4166666666665,38.020833333333336,1037.2916666666667,-132.39583333333334,113.625,30567,9.2,10.9,72.0,5.2
20200210,5716.020833333333,279.9166666666667,8384.104166666666,2648.6458333333335,53.416666666666664,1085.2708333333333,-104.125,109.10416666666667,30568,9.0,13.4,70.0,6.0
20200211,6258.125,719.3541666666666,8776.875,2928.7291666666665,50.604166666666664,1095.7916666666667,-169.77083333333334,117.41666666666667,30569,4.7,9.2,75.0,2.0
20200212,6374.583333333333,1226.7916666666667,9078.208333333334,2028.7083333333333,40.1875,1057.6041666666667,-142.79166666666666,117.97916666666667,30570,3.6,6.4,82.0,1.6
20200213,6474.0625,1564.2708333333333,8963.25,2641.6041666666665,21.270833333333332,1066.5416666666667,-92.95833333333333,109.20833333333333,30571,5.0,8.0,79.0,9.7
20200214,6148.4375,1731.4166666666667,9196.125,1097.6875,34.375,1124.5833333333333,-106.35416666666667,108.54166666666667,30572,6.6,4.8,84.0,0.2
20200215,5447.041666666667,314.7708333333333,8704.125,1566.8958333333333,78.58333333333333,1054.3541666666667,-43.854166666666664,113.10416666666667,30573,7.7,4.8,73.0,0.0
20200216,4815.4375,272.25,6317.229166666667,3101.6666666666665,53.083333333333336,1091.6041666666667,-185.8125,112.08333333333333,30574,12.3,9.9,60.0,13.1
20200217,5538.625,896.3958333333334,8501.666666666666,2039.5208333333333,19.416666666666668,1132.3125,-101.25,114.70833333333333,30575,6.8,5.4,90.0,13.3
20200218,5900.020833333333,964.5,9529.958333333334,2103.7291666666665,50.208333333333336,1092.25,-146.91666666666666,120.0,30576,5.7,7.0,77.0,7.3
20200219,6066.729166666667,1352.2916666666667,10298.041666666666,1828.4583333333333,59.895833333333336,1126.7083333333333,-115.70833333333333,120.6875,30577,5.1,6.2,78.0,1.2
20200220,6055.5625,1668.9583333333333,9288.708333333334,2138.3125,34.0625,1041.3958333333333,-87.16666666666667,122.3125,30578,6.4,6.9,80.0,1.8
20200221,5981.791666666667,1559.7708333333333,10223.416666666666,1054.2291666666667,77.9375,1075.125,-77.47916666666667,122.47916666666667,30579,4.4,4.4,75.0,0.0
20200222,5361.770833333333,326.5625,7110.104166666667,2163.5,75.64583333333333,1006.4375,-125.8125,119.97916666666667,30580,7.3,6.3,66.0,1.8
20200223,4898.375,288.4791666666667,5934.1875,2899.75,17.3125,963.4583333333334,-203.10416666666666,122.89583333333333,30581,9.7,8.4,86.0,5.0
20200224,5591.083333333333,1056.2708333333333,8062.833333333333,2175.0,43.895833333333336,1015.0,-38.395833333333336,122.52083333333333,30582,9.9,6.3,84.0,1.8
20200225,5873.895833333333,979.2916666666666,7694.458333333333,2435.7916666666665,34.125,975.3541666666666,-136.60416666666666,117.27083333333333,30583,5.8,7.3,88.0,9.8
20200226,6341.4375,1521.25,7807.1875,2299.5,42.395833333333336,1039.4375,-86.16666666666667,116.91666666666667,30584,1.6,6.3,90.0,3.8
20200227,6503.708333333333,1718.5416666666667,7208.1875,2292.9375,12.833333333333334,1156.3541666666667,-112.29166666666667,116.52083333333333,30585,2.1,7.9,90.0,6.4
20200228,6374.333333333333,1670.25,8464.041666666666,1590.875,81.52083333333333,1071.2916666666667,-84.16666666666667,118.02083333333333,30586,4.8,6.1,68.0,0.8
20200229,5478.541666666667,304.75,7231.583333333333,2911.6666666666665,39.541666666666664,1041.2708333333333,-106.0625,121.79166666666667,30587,8.2,9.1,77.0,7.3
20200301,5118.875,272.1666666666667,6010.395833333333,2538.9375,44.645833333333336,1172.0,-180.85416666666666,126.66666666666667,30588,6.4,9.1,79.0,5.0
20200302,5993.729166666667,1382.1875,8136.229166666667,1331.9166666666667,17.770833333333332,1095.0833333333333,-19.791666666666668,123.125,30589,4.9,4.1,89.0,12.5
20200303,6187.645833333333,1718.9375,7495.458333333333,815.2083333333334,41.208333333333336,1037.3958333333333,-4.125,108.89583333333333,30590,3.4,4.1,81.0,0.0
20200304,6162.5625,1714.8333333333333,7156.875,784.0416666666666,51.25,1049.0208333333333,-5.041666666666667,107.75,30591,4.3,4.9,80.0,0.8
20200305,6123.791666666667,1662.2708333333333,7085.625,1837.7708333333333,12.645833333333334,1047.8333333333333,-4.166666666666667,111.89583333333333,30592,7.0,7.4,91.0,18.8
20200306,6223.083333333333,1443.0625,5965.604166666667,2028.2916666666667,17.0625,1065.8958333333333,-122.60416666666667,121.4375,30593,4.3,6.6,89.0,0.8
20200307,5544.9375,1419.0,5762.145833333333,447.5208333333333,58.3125,1150.1875,-42.458333333333336,126.85416666666667,30594,4.7,3.2,73.0,0.0
20200308,5165.208333333333,572.2083333333334,4538.4375,1870.3333333333333,53.395833333333336,1084.8958333333333,-200.41666666666666,126.64583333333333,30595,7.5,6.1,75.0,3.6
20200309,5751.083333333333,1539.375,5824.916666666667,1241.5,62.604166666666664,1176.8541666666667,-17.291666666666668,125.79166666666667,30596,5.9,5.2,82.0,4.0
20200310,6156.458333333333,1085.6666666666667,5578.604166666667,2851.0625,13.5,1132.3125,-145.79166666666666,124.5,30597,7.9,8.4,93.0,10.5
20200311,5661.0625,1196.1875,5342.9375,2699.2708333333335,41.770833333333336,1164.625,-154.4375,123.72916666666667,30598,12.3,7.3,83.0,0.6
20200312,5648.375,1243.8541666666667,5475.708333333333,2060.5833333333335,36.3125,1151.6458333333333,-110.14583333333333,129.35416666666666,30599,9.4,6.7,84.0,3.8
20200313,5660.729166666667,1321.5416666666667,5806.479166666667,1043.5,81.02083333333333,1213.0625,-120.60416666666667,127.66666666666667,30600,6.0,5.0,69.0,0.0
20200314,5191.916666666667,1568.3125,5582.416666666667,344.8333333333333,46.979166666666664,1186.3958333333333,-20.104166666666668,125.45833333333333,30601,6.0,2.3,70.0,0.0
20200315,4659.25,287.6666666666667,3901.5833333333335,877.1666666666666,99.47916666666667,1171.7916666666667,-204.1875,120.16666666666667,30602,9.9,4.3,58.0,0.0
20200316,5076.0,1267.4375,5812.645833333333,404.5416666666667,86.39583333333333,1202.1666666666667,-56.625,119.52083333333333,30603,11.6,4.0,60.0,0.0
20200317,4872.895833333333,1299.7083333333333,5788.958333333333,72.02083333333333,69.125,1181.3125,-90.66666666666667,121.16666666666667,30604,11.2,1.8,74.0,0.0
20200318,4500.229166666667,889.7291666666666,5833.041666666667,57.416666666666664,76.04166666666667,1171.1458333333333,-68.66666666666667,121.54166666666667,30605,11.1,1.5,74.0,0.0
20200319,4254.8125,941.0416666666666,5646.5,300.2708333333333,95.08333333333333,1112.6875,-76.6875,116.83333333333333,30606,11.7,1.7,65.0,0.0
20200320,4129.583333333333,256.2916666666667,5710.291666666667,687.375,98.4375,1112.2916666666667,-86.02083333333333,111.0625,30607,11.4,2.3,68.0,0.0
20200321,4244.958333333333,213.66666666666666,3380.8125,2336.0625,23.0,1139.7708333333333,-94.625,117.66666666666667,30608,5.0,6.7,82.0,0.6
20200322,4355.395833333333,216.3125,3490.125,2830.1666666666665,100.41666666666667,1005.7916666666666,-168.0,118.91666666666667,30609,4.5,9.1,56.0,0.0
20200323,4701.395833333333,296.7291666666667,5730.854166666667,2513.6666666666665,125.29166666666667,1016.3958333333334,-65.64583333333333,117.1875,30610,3.1,6.7,41.0,0.0
20200324,4720.833333333333,228.125,5651.895833333333,1950.2708333333333,124.6875,968.6875,-107.08333333333333,115.27083333333333,30611,3.6,5.8,38.0,0.0
20200325,4731.166666666667,305.5833333333333,5799.916666666667,1792.9583333333333,122.95833333333333,955.875,-71.9375,117.47916666666667,30612,4.3,6.1,35.0,0.0
20200326,4722.145833333333,304.5416666666667,5590.166666666667,1664.9375,110.95833333333333,900.5208333333334,-66.91666666666667,118.83333333333333,30613,4.2,5.3,46.0,0.0
20200327,4476.645833333333,227.70833333333334,5655.875,502.125,113.72916666666667,918.1041666666666,-2.8125,117.79166666666667,30614,6.6,2.3,56.0,0.0
20200328,4080.7708333333335,215.3125,4672.541666666667,774.8958333333334,109.85416666666667,925.7291666666666,-162.02083333333334,118.64583333333333,30615,10.3,3.2,54.0,0.0
20200329,4267.375,206.9375,4175.208333333333,2664.8958333333335,46.541666666666664,813.5833333333334,-184.625,118.0625,30616,4.2,7.0,62.0,0.0
20200330,4780.458333333333,306.5,5848.666666666667,2520.5625,125.1875,863.4791666666666,-47.0,118.85416666666667,30617,3.1,6.3,41.0,0.0
20200331,4764.4375,601.1875,5798.583333333333,1479.4583333333333,115.35416666666667,863.7916666666666,-140.14583333333334,118.125,30618,3.8,4.0,52.0,0.0
20200401,4730.270833333333,496.9583333333333,6692.604166666667,629.4375,123.45833333333333,815.1041666666666,-57.75,116.08333333333333,30619,5.1,2.9,42.0,0.0
20200402,4655.479166666667,261.25,7117.291666666667,431.4583333333333,119.70833333333333,759.375,-64.10416666666667,114.9375,30620,5.7,2.4,49.0,0.0
20200403,4483.291666666667,170.25,5837.145833333333,165.52083333333334,64.625,768.9583333333334,-75.29166666666667,115.70833333333333,30621,6.1,2.5,67.0,0.0
20200404,4000.875,107.75,5320.145833333333,466.2083333333333,121.60416666666667,728.6458333333334,-75.97916666666667,117.27083333333333,30622,8.8,3.2,57.0,0.0
20200405,3888.9166666666665,53.75,3288.875,1190.8125,116.35416666666667,697.5833333333334,-186.4375,117.5,30623,12.8,3.1,45.0,0.0
20200406,3945.3958333333335,53.833333333333336,5074.895833333333,1137.2708333333333,117.54166666666667,737.4166666666666,-88.83333333333333,112.04166666666667,30624,14.9,4.1,39.0,0.0
20200407,3834.6666666666665,53.708333333333336,6211.895833333333,362.7708333333333,110.52083333333333,669.7291666666666,-47.729166666666664,112.58333333333333,30625,16.5,2.9,41.0,0.0
20200408,3835.375,53.708333333333336,6998.041666666667,277.0625,113.72916666666667,671.875,-61.458333333333336,112.8125,30626,16.4,1.9,42.0,0.0
20200409,3863.5208333333335,53.958333333333336,6938.0,119.04166666666667,108.41666666666667,684.7083333333334,-192.625,108.64583333333333,30627,16.5,2.1,40.0,0.0
20200410,3634.0833333333335,55.75,6467.770833333333,423.7083333333333,113.66666666666667,714.75,-35.604166666666664,112.04166666666667,30628,16.4,2.0,47.0,0.0
20200411,3434.2708333333335,56.104166666666664,4980.8125,274.9375,113.10416666666667,707.0416666666666,-97.02083333333333,114.20833333333333,30629,16.1,1.6,50.0,0.0
20200412,3349.2291666666665,55.583333333333336,3787.3333333333335,168.875,92.16666666666667,711.8541666666666,-144.79166666666666,116.8125,30630,15.9,2.3,51.0,0.0
20200413,3462.875,54.541666666666664,2459.6666666666665,1313.375,92.8125,641.6041666666666,-206.66666666666666,110.47916666666667,30631,12.1,4.5,52.0,0.0
20200414,4056.3541666666665,53.895833333333336,5853.1875,1484.1875,133.375,747.125,-73.41666666666667,109.27083333333333,30632,6.3,4.6,45.0,0.0
20200415,4158.0625,52.729166666666664,7161.645833333333,971.625,130.08333333333334,637.2291666666666,-96.04166666666667,112.1875,30633,10.5,2.8,42.0,0.0
20200416,4012.2708333333335,52.166666666666664,6146.020833333333,524.2916666666666,117.72916666666667,670.5625,-60.541666666666664,113.35416666666667,30634,16.0,4.1,47.0,0.0
20200417,3865.9166666666665,52.270833333333336,5873.5625,121.6875,110.39583333333333,688.8125,-131.29166666666666,112.66666666666667,30635,17.1,3.4,49.0,0.0
20200418,3445.3125,51.729166666666664,5341.520833333333,256.5833333333333,92.60416666666667,662.7291666666666,-39.458333333333336,117.08333333333333,30636,16.0,2.9,60.0,0.0
20200419,3500.5208333333335,51.895833333333336,3518.7291666666665,603.6875,110.27083333333333,701.0208333333334,-124.08333333333333,119.20833333333333,30637,15.0,3.6,68.0,0.0
20200420,4084.3125,51.395833333333336,3668.7083333333335,2159.0416666666665,123.9375,777.0625,-215.08333333333334,116.95833333333333,30638,14.4,7.1,46.0,0.0
20200421,4240.6875,50.9375,3620.9583333333335,1809.9791666666667,99.875,803.875,-173.10416666666666,122.27083333333333,30639,14.5,6.3,38.0,0.0
20200422,4101.958333333333,51.416666666666664,4156.166666666667,1202.625,130.52083333333334,738.5625,-188.14583333333334,121.20833333333333,30640,15.3,4.8,36.0,0.0
20200423,3965.7708333333335,53.0625,4440.666666666667,396.3125,129.29166666666666,752.7916666666666,-65.1875,121.875,30641,15.4,2.0,41.0,0.0
20200424,3941.75,52.979166666666664,4589.4375,243.54166666666666,118.6875,736.3125,-90.64583333333333,119.33333333333333,30642,16.7,3.4,44.0,0.0
20200425,3704.6875,52.4375,4473.333333333333,401.6458333333333,128.5,726.3541666666666,-142.22916666666666,117.64583333333333,30643,14.7,2.5,46.0,0.0
20200426,3509.6041666666665,53.208333333333336,3661.125,213.79166666666666,118.02083333333333,722.25,-151.52083333333334,116.3125,30644,13.8,2.1,53.0,0.0
20200427,3821.1458333333335,56.833333333333336,4441.479166666667,139.47916666666666,125.27083333333333,803.5416666666666,-49.916666666666664,117.70833333333333,30645,16.1,3.0,47.0,2.6
20200428,4010.5833333333335,54.979166666666664,4289.125,1201.2708333333333,61.520833333333336,733.1666666666666,-85.20833333333333,118.20833333333333,30646,13.4,5.6,76.0,0.2
20200429,4050.6458333333335,53.145833333333336,3739.8333333333335,1461.0,76.25,852.1666666666666,-91.66666666666667,120.9375,30647,12.7,6.5,71.0,5.2
20200430,4145.375,53.020833333333336,2884.0,2114.25,52.0,878.6458333333334,-137.33333333333334,123.35416666666667,30648,11.0,7.5,80.0,4.8
20200501,3712.2916666666665,52.520833333333336,2225.375,1750.9583333333333,66.52083333333333,865.1666666666666,-163.79166666666666,123.60416666666667,30649,9.9,6.2,83.0,7.8
20200502,3853.3958333333335,52.020833333333336,2957.625,795.0833333333334,92.22916666666667,1011.625,-99.83333333333333,123.47916666666667,30650,9.6,4.1,71.0,0.0
20200503,3793.3541666666665,51.145833333333336,2493.5625,126.35416666666667,103.4375,1014.1666666666666,-124.125,125.39583333333333,30651,12.2,3.2,63.0,0.6
20200504,4007.4583333333335,271.1458333333333,3888.5833333333335,375.9791666666667,103.375,903.9166666666666,-96.1875,120.52083333333333,30652,15.1,3.6,73.0,0.0
20200505,4186.875,335.1041666666667,4456.833333333333,1162.6666666666667,65.14583333333333,894.4166666666666,-64.27083333333333,112.625,30653,12.0,4.7,59.0,0.0
20200506,4156.958333333333,363.8958333333333,4538.520833333333,656.7083333333334,146.95833333333334,1122.2916666666667,-52.958333333333336,112.72916666666667,30654,12.6,4.6,40.0,0.0
20200507,4105.4375,355.2916666666667,4143.291666666667,251.97916666666666,146.08333333333334,1070.7291666666667,-66.54166666666667,121.02083333333333,30655,14.2,1.8,45.0,0.0
20200508,3473.5416666666665,46.875,4208.0625,128.39583333333334,125.14583333333333,1016.4375,-81.64583333333333,121.08333333333333,30656,17.6,1.9,54.0,1.0
20200509,3392.125,48.958333333333336,3788.2083333333335,225.64583333333334,88.6875,1011.6041666666666,-90.04166666666667,120.72916666666667,30657,16.5,2.0,74.0,0.4
20200510,3441.1458333333335,50.5625,3544.3125,331.4166666666667,104.79166666666667,918.5833333333334,-108.66666666666667,116.9375,30658,18.6,3.4,70.0,23.5
20200511,4291.854166666667,82.625,3894.7291666666665,1928.6666666666667,31.666666666666668,945.6458333333334,-93.4375,115.27083333333333,30659,6.1,5.4,94.0,27.2
20200512,4425.541666666667,652.3958333333334,4461.5,802.5,134.66666666666666,1008.5,-2.0833333333333335,113.35416666666667,30660,7.1,3.4,66.0,0.0
20200513,4560.8125,784.4166666666666,5783.791666666667,897.375,77.0625,1003.3125,0.0,114.85416666666667,30661,9.6,3.3,63.0,0.0
20200514,4545.333333333333,355.1666666666667,5795.854166666667,1679.7916666666667,101.625,1021.375,-2.6875,117.35416666666667,30662,10.5,5.0,60.0,0.0
20200515,4369.666666666667,345.0625,5741.875,1182.7083333333333,131.375,1037.7708333333333,-3.375,118.60416666666667,30663,12.1,3.1,54.0,0.0
20200516,3829.5625,58.6875,3465.1041666666665,520.3541666666666,144.85416666666666,1003.6041666666666,-88.875,119.54166666666667,30664,12.5,2.2,54.0,0.0
20200517,3616.2916666666665,133.125,2984.9583333333335,433.1666666666667,146.125,911.5416666666666,-167.16666666666666,118.75,30665,12.7,2.6,59.0,0.0
20200518,4170.479166666667,284.0,5370.979166666667,214.70833333333334,146.79166666666666,878.9791666666666,-65.39583333333333,117.52083333333333,30666,15.7,2.1,56.0,0.0
20200519,4171.645833333333,717.4166666666666,5559.208333333333,468.1666666666667,146.9375,849.875,-100.29166666666667,121.1875,30667,17.8,2.8,49.0,0.0
20200520,4149.458333333333,1055.8541666666667,5155.666666666667,463.5,137.16666666666666,848.0625,-26.333333333333332,117.625,30668,18.9,2.4,62.0,0.0
20200521,3727.3333333333335,348.9791666666667,4523.9375,182.10416666666666,140.91666666666666,815.1875,-95.5,118.10416666666667,30669,20.3,1.7,62.0,0.0
20200522,3905.4791666666665,234.83333333333334,5093.25,607.8541666666666,86.625,832.3541666666666,-105.60416666666667,115.5,30670,20.3,3.8,66.0,0.2
20200523,3800.3125,74.64583333333333,3429.5208333333335,457.375,50.395833333333336,843.4583333333334,-162.8125,117.39583333333333,30671,11.7,3.6,85.0,9.5
20200524,3646.0,54.083333333333336,1617.8958333333333,285.0416666666667,115.20833333333333,936.6458333333334,-120.625,118.10416666666667,30672,12.7,2.7,74.0,0.0
20200525,4137.333333333333,590.3541666666666,4392.4375,313.375,117.97916666666667,916.5833333333334,-54.375,117.10416666666667,30673,14.6,2.9,69.0,0.0
20200526,4219.208333333333,343.2708333333333,5569.229166666667,750.8958333333334,151.22916666666666,837.7291666666666,-57.666666666666664,112.02083333333333,30674,16.2,3.8,56.0,0.0
20200527,4229.145833333333,837.2708333333334,5448.9375,550.6458333333334,151.91666666666666,807.2083333333334,-80.6875,114.41666666666667,30675,16.8,2.7,52.0,0.0
20200528,4302.25,740.0208333333334,5302.645833333333,897.1041666666666,143.6875,746.0416666666666,-28.1875,117.0,30676,16.9,3.8,53.0,0.0
20200529,4250.020833333333,511.0,5372.104166666667,1351.0625,152.0625,742.3958333333334,-88.35416666666667,119.77083333333333,30677,16.2,5.1,42.0,0.0
20200530,3663.1875,57.5625,3375.375,1117.5208333333333,146.75,713.1875,-94.6875,121.16666666666667,30678,16.4,5.0,44.0,0.0
20200531,3496.2291666666665,44.458333333333336,2679.5,1230.3541666666667,146.97916666666666,715.2708333333334,-173.58333333333334,122.85416666666667,30679,16.4,5.3,44.0,0.0
20200601,3586.0208333333335,235.66666666666666,3681.7291666666665,813.1458333333334,155.66666666666666,674.0833333333334,-101.77083333333333,125.25,30680,19.0,3.9,47.0,0.0
20200602,4226.104166666667,991.375,4424.020833333333,276.1875,152.0625,655.4166666666666,-20.083333333333332,119.35416666666667,30681,20.7,1.8,48.0,0.0
20200603,4357.083333333333,1062.6458333333333,4417.5625,309.4583333333333,114.375,673.7708333333334,-64.83333333333333,122.0625,30682,19.8,2.8,57.0,1.0
20200604,4334.479166666667,1003.9166666666666,5032.729166666667,413.9791666666667,60.645833333333336,675.6875,-77.3125,121.27083333333333,30683,14.0,3.1,90.0,12.9
20200605,4364.416666666667,227.875,5456.125,1629.7708333333333,47.9375,753.625,-85.1875,123.6875,30684,11.2,7.0,89.0,5.2
20200606,3945.4375,35.354166666666664,4361.666666666667,1241.375,92.39583333333333,742.2708333333334,-159.33333333333334,126.9375,30685,13.0,5.2,75.0,0.2
20200607,3594.2083333333335,303.6041666666667,4673.145833333333,271.3125,96.625,847.0416666666666,-90.77083333333333,127.70833333333333,30686,12.3,2.3,76.0,2.2
20200608,4211.5625,1285.1458333333333,5655.625,417.0833333333333,129.72916666666666,887.8333333333334,-55.229166666666664,127.3125,30687,14.4,2.8,66.0,0.2
20200609,4390.166666666667,1455.7916666666667,5680.708333333333,695.1666666666666,75.33333333333333,870.4375,-50.3125,125.45833333333333,30688,13.5,3.1,80.0,0.0
20200610,4514.041666666667,1425.0833333333333,5747.0,179.79166666666666,74.89583333333333,1044.5208333333333,-79.3125,127.10416666666667,30689,14.2,2.4,85.0,2.2
20200611,4647.979166666667,1404.8333333333333,5623.6875,304.7083333333333,111.79166666666667,1136.2291666666667,-49.1875,130.0,30690,15.8,3.0,77.0,0.0
20200612,4500.270833333333,1269.4791666666667,5613.958333333333,889.7916666666666,86.22916666666667,1125.5208333333333,-61.5625,128.8125,30691,15.6,3.2,86.0,3.6
20200613,3910.2083333333335,748.5416666666666,4657.25,317.3333333333333,104.0625,1078.7083333333333,-47.958333333333336,126.72916666666667,30692,17.0,3.5,80.0,0.2
20200614,3553.4583333333335,422.1875,5057.9375,403.9583333333333,82.4375,1039.75,-142.4375,128.47916666666666,30693,16.0,3.1,76.0,0.2
20200615,4225.395833333333,1065.2916666666667,5641.333333333333,308.125,103.85416666666667,1073.8958333333333,-24.6875,124.4375,30694,16.5,2.8,77.0,0.0
20200616,4442.041666666667,1157.9583333333333,5721.625,122.02083333333333,105.10416666666667,1026.5,-8.208333333333334,128.27083333333334,30695,16.7,2.2,77.0,1.4
20200617,4488.020833333333,1118.5416666666667,5772.5,164.875,42.895833333333336,1068.3125,-53.229166666666664,130.08333333333334,30696,13.9,2.4,94.0,15.3
20200618,4537.354166666667,1126.2083333333333,5776.25,470.6666666666667,121.1875,1177.75,-93.14583333333333,132.25,30697,15.6,4.4,77.0,0.0
20200619,4460.479166666667,1173.1875,6325.229166666667,388.6458333333333,111.375,1192.3125,-94.5625,130.60416666666666,30698,15.9,3.3,75.0,0.4
20200620,4014.0833333333335,1113.8541666666667,7124.229166666667,42.770833333333336,108.79166666666667,1200.8333333333333,-81.375,130.97916666666666,30699,16.9,2.2,72.0,0.2
20200621,3585.3958333333335,487.0833333333333,7111.229166666667,409.2291666666667,127.27083333333333,1133.7083333333333,-152.35416666666666,129.10416666666666,30700,18.8,3.2,66.0,0.0
20200622,4383.604166666667,1146.1875,7333.208333333333,187.3125,147.625,1092.3541666666667,-32.4375,119.35416666666667,30701,17.3,2.8,61.0,0.0
20200623,4615.916666666667,1119.25,7287.75,560.2291666666666,156.41666666666666,1029.1666666666667,-37.854166666666664,119.375,30702,20.8,3.5,56.0,0.0
20200624,4690.354166666667,1087.1666666666667,7118.416666666667,1189.9583333333333,155.89583333333334,968.6458333333334,-33.770833333333336,115.91666666666667,30703,23.2,4.3,43.0,0.0
20200625,4819.5,1103.7083333333333,7144.4375,792.0416666666666,153.33333333333334,920.7916666666666,-36.458333333333336,120.08333333333333,30704,23.4,3.2,48.0,0.0
20200626,4629.958333333333,1073.375,6566.145833333333,813.6666666666666,99.5,952.625,-21.729166666666668,116.97916666666667,30705,22.3,3.2,69.0,38.1
20200627,3913.3125,1014.2916666666666,5727.8125,1185.2708333333333,105.91666666666667,946.0,-84.47916666666667,125.0,30706,21.4,4.5,75.0,0.4
20200628,3670.5416666666665,348.1041666666667,4884.645833333333,1211.6666666666667,78.8125,947.4166666666666,-117.14583333333333,127.33333333333333,30707,16.6,4.9,80.0,3.8
20200629,4312.833333333333,636.0,5138.041666666667,894.8958333333334,126.10416666666667,1033.8541666666667,-1.0833333333333333,128.35416666666666,30708,17.4,4.6,70.0,0.0
20200630,4489.3125,719.5,3942.625,838.3125,102.66666666666667,1106.125,0.0,128.83333333333334,30709,17.5,4.5,68.0,0.0
20200701,4564.458333333333,693.2291666666666,4819.9375,976.6458333333334,108.60416666666667,1067.5208333333333,0.0,121.41666666666667,30710,20.5,4.7,70.0,0.0
20200702,4482.604166666667,722.8333333333334,5076.854166666667,904.3541666666666,93.04166666666667,1083.3541666666667,0.0,124.58333333333333,30711,18.5,5.0,66.0,0.0
20200703,4457.4375,668.0,5909.020833333333,309.8541666666667,121.97916666666667,1114.0,0.0,129.4375,30712,17.6,2.6,61.0,0.0
20200704,4095.3541666666665,318.0,4702.8125,1253.6458333333333,127.83333333333333,1105.6458333333333,0.0,127.16666666666667,30713,19.8,5.4,58.0,0.0
20200705,3862.0416666666665,129.79166666666666,3407.9375,1691.7708333333333,85.89583333333333,1050.1458333333333,0.0,121.3125,30714,21.3,6.3,71.0,0.2
20200706,4451.541666666667,365.6666666666667,5297.958333333333,1032.9791666666667,125.4375,1052.8541666666667,0.0,118.08333333333333,30715,15.6,4.4,61.0,0.2
20200707,4716.520833333333,382.125,6345.166666666667,134.47916666666666,141.45833333333334,1006.0,0.0,121.72916666666667,30716,16.7,1.8,55.0,0.0
20200708,4685.729166666667,388.3958333333333,6251.0625,421.2916666666667,123.45833333333333,954.9583333333334,0.0,132.0,30717,19.9,3.6,54.0,0.0
20200709,4759.291666666667,413.375,6243.645833333333,469.6666666666667,143.6875,933.2083333333334,0.0,132.08333333333334,30718,23.5,3.7,54.0,0.0
20200710,4680.229166666667,407.2916666666667,6247.166666666667,814.8125,84.35416666666667,875.7083333333334,0.0,132.27083333333334,30719,19.1,4.5,67.0,0.0
20200711,3937.875,367.6666666666667,6176.854166666667,371.5416666666667,136.20833333333334,964.9375,0.0,135.3125,30720,16.7,2.8,57.0,0.0
20200712,3657.3541666666665,308.2916666666667,5089.083333333333,709.0833333333334,152.60416666666666,1041.8541666666667,0.0,128.79166666666666,30721,18.2,3.5,48.0,0.0
20200713,4074.125,392.7291666666667,6200.145833333333,464.9791666666667,145.97916666666666,964.7708333333334,0.0,126.04166666666667,30722,19.8,2.3,44.0,0.0
20200714,3751.8125,374.3333333333333,6189.9375,371.8333333333333,110.41666666666667,928.1458333333334,0.0,127.35416666666667,30723,19.0,2.8,52.0,2.8
20200715,4345.125,415.8958333333333,6253.229166666667,137.97916666666666,63.3125,879.6666666666666,0.0,122.83333333333333,30724,17.4,2.7,74.0,0.2
20200716,4459.895833333333,431.1666666666667,6290.8125,228.9375,31.958333333333332,896.5625,0.0,117.70833333333333,30725,15.6,3.0,85.0,1.0
20200717,4410.020833333333,402.75,6176.770833333333,131.02083333333334,87.72916666666667,926.75,0.0,119.625,30726,17.5,2.5,74.0,0.0
20200718,4009.5625,365.3541666666667,5516.125,54.166666666666664,122.5625,959.2916666666666,0.0,123.47916666666667,30727,19.7,1.6,61.0,0.0
20200719,3634.1458333333335,330.5208333333333,5567.9375,141.83333333333334,135.75,866.4791666666666,0.0,123.8125,30728,22.9,1.8,45.0,0.0
20200720,4409.666666666667,349.3333333333333,6274.833333333333,622.1875,135.83333333333334,831.1041666666666,0.0,119.75,30729,22.2,3.0,51.0,0.0
20200721,4698.6875,365.8541666666667,6311.416666666667,740.1458333333334,142.4375,814.5,0.0,122.29166666666667,30730,19.7,3.0,50.0,0.0
20200722,4565.958333333333,372.7083333333333,6233.479166666667,713.5625,139.60416666666666,814.9791666666666,0.0,121.8125,30731,19.9,2.8,45.0,0.0
20200723,4609.1875,378.2916666666667,6243.729166666667,245.66666666666666,140.4375,846.7916666666666,0.0,120.29166666666667,30732,20.5,1.8,48.0,0.0
20200724,4485.041666666667,368.3333333333333,6194.708333333333,324.6458333333333,101.39583333333333,921.3125,0.0,121.22916666666667,30733,21.3,2.8,51.0,0.0
20200725,3952.8333333333335,321.5,5868.895833333333,514.1458333333334,106.58333333333333,929.0416666666666,0.0,123.0625,30734,22.6,3.3,53.0,0.0
20200726,3692.6458333333335,229.58333333333334,5916.875,872.1041666666666,106.08333333333333,883.4791666666666,0.0,122.1875,30735,20.7,4.7,57.0,0.0
20200727,4262.958333333333,351.5625,6152.416666666667,1013.0833333333334,143.72916666666666,817.875,0.0,118.91666666666667,30736,24.4,4.8,45.0,0.0
20200728,4439.333333333333,344.9791666666667,6162.083333333333,991.375,106.27083333333333,745.0416666666666,0.0,122.79166666666667,30737,21.4,4.6,56.0,0.0
20200729,4368.333333333333,376.125,6050.458333333333,119.16666666666667,143.58333333333334,737.0625,0.0,123.29166666666667,30738,19.4,2.2,48.0,0.0
20200730,4334.604166666667,354.2291666666667,6252.708333333333,242.70833333333334,142.14583333333334,704.6458333333334,0.0,122.70833333333333,30739,23.5,1.8,36.0,0.0
20200731,4246.875,351.1458333333333,6200.791666666667,527.625,135.39583333333334,702.4583333333334,0.0,112.64583333333333,30740,28.7,2.7,33.0,0.0
20200801,3874.0208333333335,341.8125,6148.791666666667,475.7291666666667,111.0,693.6875,0.0,113.10416666666667,30741,27.1,3.3,48.0,1.4
20200802,3468.3333333333335,344.6458333333333,6153.125,526.0625,101.16666666666667,768.4166666666666,0.0,114.4375,30742,20.2,3.3,61.0,0.0
20200803,3715.4375,389.875,6228.3125,621.1458333333334,86.10416666666667,874.6458333333334,0.0,109.6875,30743,17.5,3.4,59.0,0.0
20200804,3852.2916666666665,363.1666666666667,6211.895833333333,315.75,117.1875,1119.875,0.0,104.58333333333333,30744,17.2,2.3,62.0,0.0
20200805,3932.3541666666665,318.0208333333333,6048.9375,96.625,149.0625,1188.1041666666667,0.0,105.5625,30745,21.3,2.5,43.0,0.0
20200806,4000.7708333333335,329.3541666666667,6345.479166666667,288.1458333333333,147.0,1083.6666666666667,0.0,111.3125,30746,22.9,2.5,48.0,0.0
20200807,4031.125,431.0833333333333,6669.5,248.52083333333334,143.47916666666666,1044.7708333333333,0.0,114.1875,30747,25.8,2.4,49.0,0.0
20200808,3807.2916666666665,443.2708333333333,6634.958333333333,172.02083333333334,137.64583333333334,939.75,0.0,117.70833333333333,30748,28.1,2.1,43.0,0.0
20200809,3610.0,530.875,6751.645833333333,384.6041666666667,133.29166666666666,901.1041666666666,0.0,116.58333333333333,30749,28.7,2.6,37.0,0.0
20200810,3979.7291666666665,393.5625,6999.270833333333,296.7916666666667,114.5,872.0208333333334,0.0,120.04166666666667,30750,28.0,2.6,39.0,0.0
20200811,4097.854166666667,504.7708333333333,7062.25,114.27083333333333,118.5,843.3125,0.0,120.6875,30751,27.3,2.4,48.0,0.0
20200812,4029.6666666666665,711.0416666666666,7272.895833333333,345.6875,105.375,800.3958333333334,0.0,122.14583333333333,30752,26.2,2.4,59.0,2.0
20200813,3987.1666666666665,601.7916666666666,7272.166666666667,588.7083333333334,98.27083333333333,784.9375,0.0,119.35416666666667,30753,25.3,2.9,52.0,0.0
20200814,3934.6458333333335,731.0208333333334,7328.979166666667,415.2916666666667,82.70833333333333,775.5416666666666,0.0,126.16666666666667,30754,21.1,2.8,75.0,7.7
20200815,3556.0833333333335,679.4166666666666,7099.645833333333,38.833333333333336,119.875,770.1458333333334,0.0,129.39583333333334,30755,21.9,1.6,67.0,0.0
20200816,3439.8541666666665,654.4583333333334,7306.770833333333,236.39583333333334,106.83333333333333,745.5625,0.0,130.04166666666666,30756,22.2,2.6,66.0,3.4
20200817,3943.9166666666665,692.2291666666666,7333.354166666667,601.5833333333334,105.75,827.75,0.0,128.04166666666666,30757,20.1,3.5,67.0,0.0
20200818,4074.7083333333335,703.7916666666666,7324.5,276.5833333333333,104.3125,818.2291666666666,0.0,128.91666666666666,30758,19.7,3.0,65.0,0.0
20200819,4073.3541666666665,720.1041666666666,7279.9375,346.625,91.29166666666667,790.4166666666666,0.0,129.04166666666666,30759,21.9,2.9,62.0,0.4
20200820,4218.875,658.1041666666666,6946.875,647.8333333333334,129.14583333333334,780.4583333333334,0.0,127.79166666666667,30760,27.2,4.2,47.0,0.0
20200821,4267.520833333333,565.3958333333334,6694.333333333333,938.1875,81.14583333333333,747.6458333333334,0.0,129.66666666666666,30761,25.0,5.5,56.0,3.4
20200822,3781.7916666666665,399.3333333333333,6895.4375,1441.8333333333333,106.10416666666667,722.1666666666666,0.0,130.16666666666666,30762,20.5,5.7,65.0,0.0
20200823,3456.0,147.75,6520.229166666667,921.0833333333334,99.14583333333333,680.8125,0.0,131.66666666666666,30763,18.1,4.1,60.0,0.0
20200824,4084.8541666666665,390.125,6967.916666666667,232.25,107.70833333333333,632.5416666666666,0.0,126.66666666666667,30764,17.1,3.1,60.0,0.0
20200825,4332.625,448.4791666666667,5612.3125,1351.4166666666667,79.8125,605.0,0.0,124.64583333333333,30765,20.4,5.4,54.0,0.0
20200826,4425.708333333333,513.5416666666666,5455.4375,2221.5416666666665,123.02083333333333,575.4791666666666,0.0,129.77083333333334,30766,19.5,6.4,53.0,0.0
20200827,4369.166666666667,525.5625,5531.104166666667,524.7708333333334,103.75,556.2916666666666,0.0,132.79166666666666,30767,19.1,3.4,55.0,1.2
20200828,4341.458333333333,502.5416666666667,5503.770833333333,1302.0625,74.45833333333333,580.5,0.0,135.64583333333334,30768,16.7,5.2,78.0,3.6
20200829,3762.5208333333335,362.25,4187.708333333333,584.3541666666666,78.39583333333333,612.4583333333334,0.0,136.1875,30769,15.2,3.3,76.0,0.0
20200830,3579.125,323.5833333333333,4159.270833333333,320.2916666666667,48.0625,815.6666666666666,0.0,129.52083333333334,30770,14.5,2.9,77.0,0.0
20200831,4302.3125,527.5208333333334,4049.2708333333335,491.5833333333333,63.791666666666664,1089.7916666666667,0.0,124.47916666666667,30771,14.1,3.1,84.0,0.2
20200901,4506.6875,669.2291666666666,3742.8958333333335,325.7916666666667,72.375,1072.3958333333333,0.0,124.125,30772,15.0,2.3,79.0,0.0
20200902,4516.5625,745.7708333333334,4806.916666666667,228.83333333333334,107.9375,1068.4583333333333,0.0,124.58333333333333,30773,16.3,1.6,66.0,0.0
20200903,4577.145833333333,678.4375,5546.104166666667,306.4166666666667,100.39583333333333,1018.3958333333334,0.0,124.14583333333333,30774,18.8,3.4,51.0,0.0
20200904,4529.541666666667,635.4791666666666,5337.625,396.625,122.95833333333333,971.5833333333334,0.0,122.4375,30775,23.3,3.8,40.0,0.0
20200905,3887.3333333333335,747.0,4590.604166666667,410.5833333333333,67.3125,906.1458333333334,0.0,114.16666666666667,30776,17.1,3.1,66.0,0.0
20200906,3620.6041666666665,625.2083333333334,4372.375,143.4375,71.5625,844.6041666666666,0.0,115.41666666666667,30777,13.2,1.6,68.0,0.0
20200907,4339.125,858.9375,4744.5625,202.125,132.0625,855.875,0.0,114.85416666666667,30778,14.7,1.9,56.0,0.0
20200908,4545.75,819.6041666666666,4844.6875,40.479166666666664,128.1875,836.9791666666666,0.0,118.0,30779,17.8,1.5,47.0,0.0
20200909,4502.5,769.3541666666666,4763.125,81.64583333333333,108.79166666666667,803.3541666666666,0.0,116.58333333333333,30780,19.3,2.3,56.0,0.0
20200910,4582.395833333333,835.25,4819.270833333333,316.6041666666667,89.52083333333333,788.0833333333334,0.0,115.27083333333333,30781,19.4,2.5,71.0,0.0
20200911,4523.291666666667,845.2708333333334,4821.666666666667,90.72916666666667,114.85416666666667,754.9583333333334,0.0,111.79166666666667,30782,19.1,1.5,60.0,0.0
20200912,3926.2708333333335,823.2916666666666,4413.729166666667,179.875,114.0,708.3958333333334,0.0,122.64583333333333,30783,19.9,2.6,56.0,0.0
20200913,3621.5625,602.8958333333334,4665.25,87.89583333333333,120.58333333333333,690.125,0.0,120.02083333333333,30784,20.1,1.7,56.0,0.0
20200914,4342.625,806.5833333333334,4717.1875,318.2916666666667,114.60416666666667,666.4166666666666,0.0,118.41666666666667,30785,23.1,2.2,53.0,0.0
20200915,4571.916666666667,824.5416666666666,4741.0,218.22916666666666,110.85416666666667,689.1875,0.0,117.20833333333333,30786,25.1,2.2,46.0,0.0
20200916,4612.166666666667,1043.2291666666667,4711.5625,288.6458333333333,90.3125,647.0833333333334,0.0,112.6875,30787,23.9,2.7,48.0,0.0
20200917,4599.666666666667,801.7916666666666,4734.75,1363.8125,111.625,633.2916666666666,0.0,110.60416666666667,30788,19.5,5.0,66.0,0.0
20200918,4528.8125,746.1458333333334,4773.895833333333,1362.5208333333333,112.9375,618.4791666666666,0.0,110.125,30789,19.4,3.9,60.0,0.0
20200919,3991.6041666666665,781.8958333333334,4676.895833333333,972.8958333333334,65.8125,595.1458333333334,0.0,117.375,30790,18.9,2.2,69.0,0.0
20200920,3710.9375,1073.8333333333333,4410.708333333333,278.5833333333333,108.64583333333333,581.3333333333334,0.0,109.60416666666667,30791,19.2,2.2,52.0,0.0
20200921,4355.541666666667,1415.3333333333333,5095.666666666667,118.95833333333333,113.41666666666667,580.5,0.0,103.77083333333333,30792,18.0,1.5,52.0,0.0
20200922,4547.354166666667,1512.5833333333333,5351.416666666667,189.60416666666666,100.58333333333333,589.3333333333334,0.0,110.77083333333333,30793,19.7,2.8,52.0,0.0
20200923,4594.479166666667,1152.0625,5677.541666666667,1012.125,68.60416666666667,606.9583333333334,0.0,118.875,30794,18.5,5.3,68.0,2.6
20200924,4712.520833333333,806.7916666666666,5684.4375,1523.375,55.270833333333336,637.5,0.0,119.29166666666667,30795,14.0,5.3,86.0,7.6
20200925,4746.125,683.8333333333334,5723.1875,2514.7083333333335,43.875,711.7708333333334,0.0,118.97916666666667,30796,9.3,6.7,85.0,3.4
20200926,4417.770833333333,67.79166666666667,5675.020833333333,2846.4583333333335,21.875,818.0,0.0,121.3125,30797,7.7,6.8,89.0,16.5
20200927,4168.3125,241.25,5590.604166666667,1628.8541666666667,37.75,874.125,0.0,113.89583333333333,30798,8.6,5.5,95.0,6.5
20200928,4877.625,1137.6041666666667,7061.0,304.1041666666667,38.3125,794.5208333333334,0.0,113.35416666666667,30799,9.5,2.9,93.0,12.9
20200929,5039.041666666667,1201.9791666666667,7580.270833333333,367.8125,27.729166666666668,777.8958333333334,0.0,107.70833333333333,30800,12.8,3.8,92.0,0.8
20200930,4881.833333333333,1195.9583333333333,7527.416666666667,126.375,58.729166666666664,774.0833333333334,-0.125,115.3125,30801,14.7,2.2,85.0,0.2
20201001,5033.375,1208.0416666666667,7551.875,1231.4375,37.604166666666664,767.4791666666666,0.0,118.04166666666667,30802,11.7,4.4,90.0,6.2
20201002,5072.0625,1083.7916666666667,7211.5,1357.3541666666667,20.708333333333332,762.5,0.0,118.27083333333333,30803,11.2,3.6,94.0,18.8
20201003,4442.5,696.75,6085.604166666667,1068.8333333333333,53.229166666666664,834.6041666666666,-2.9166666666666665,118.85416666666667,30804,10.2,5.8,87.0,12.6
20201004,4219.479166666667,151.58333333333334,6926.208333333333,2664.5625,68.33333333333333,1023.9583333333334,0.0,117.45833333333333,30805,10.4,7.8,83.0,1.2
20201005,5112.5,998.2708333333334,8618.958333333334,2663.5833333333335,26.8125,959.6875,0.0,115.8125,30806,10.4,8.3,90.0,8.8
20201006,5312.479166666667,593.8333333333334,8816.875,2883.0625,43.166666666666664,930.8125,-0.625,117.14583333333333,30807,11.1,7.8,88.0,8.0
20201007,5267.1875,868.7083333333334,8992.020833333334,1931.0833333333333,54.1875,934.2083333333334,-0.125,186.35416666666666,30808,11.2,5.5,89.0,2.0
20201008,5271.958333333333,606.9791666666666,8908.75,1945.0833333333333,43.0,941.1875,0.0,148.58333333333334,30809,13.3,6.7,85.0,0.2
20201009,5039.604166666667,1055.25,9065.791666666666,994.375,32.875,943.5833333333334,-1.125,115.3125,30810,13.4,6.0,87.0,8.3
20201010,4520.854166666667,528.2916666666666,8866.354166666666,582.1875,81.6875,938.9375,0.0,117.5625,30811,9.3,3.2,80.0,0.4
20201011,4387.291666666667,119.83333333333333,8843.416666666666,546.4166666666666,52.125,944.4791666666666,0.0,118.66666666666667,30812,7.1,2.6,88.0,0.2
20201012,5230.125,1236.0833333333333,9248.958333333334,203.72916666666666,44.291666666666664,943.4583333333334,-1.3125,118.4375,30813,7.2,2.0,92.0,0.2
20201013,5533.3125,1510.9791666666667,9135.270833333334,588.875,49.833333333333336,921.9583333333334,0.0,115.41666666666667,30814,7.5,2.6,88.0,1.0
20201014,5495.8125,1019.5833333333334,9152.583333333334,1050.1041666666667,77.70833333333333,882.375,-2.3333333333333335,115.66666666666667,30815,7.8,3.6,84.0,1.8
20201015,5573.645833333333,1143.4583333333333,9142.604166666666,983.0833333333334,19.354166666666668,875.6458333333334,-40.291666666666664,116.08333333333333,30816,7.3,3.5,95.0,0.2
20201016,5519.395833333333,1258.375,9147.4375,532.2916666666666,28.583333333333332,862.3333333333334,-86.5,114.72916666666667,30817,8.5,3.2,92.0,0.2
20201017,4885.833333333333,1229.6458333333333,9151.270833333334,102.04166666666667,35.5625,844.5208333333334,-35.3125,108.97916666666667,30818,7.0,1.7,87.0,0.0
20201018,4668.854166666667,761.7291666666666,9083.416666666666,51.979166666666664,57.354166666666664,816.9583333333334,-68.10416666666667,106.72916666666667,30819,7.9,1.6,82.0,0.0
20201019,5270.25,1019.2916666666666,9110.0625,500.5,85.75,794.6666666666666,-0.0625,107.0625,30820,9.6,2.8,72.0,0.0
20201020,5508.145833333333,973.1458333333334,8964.6875,1774.7708333333333,34.729166666666664,763.6666666666666,-10.479166666666666,118.22916666666667,30821,13.8,7.1,65.0,0.0
20201021,5237.5,1019.25,9001.895833333334,2540.2916666666665,48.458333333333336,776.2291666666666,-1.0625,111.66666666666667,30822,17.9,9.7,50.0,0.0
20201022,5150.666666666667,983.6041666666666,8943.625,1263.5,46.416666666666664,857.7708333333334,-90.33333333333333,112.47916666666667,30823,16.1,5.5,75.0,5.2
20201023,5107.479166666667,1117.0208333333333,9048.395833333334,767.8958333333334,16.520833333333332,778.6666666666666,-70.45833333333333,114.14583333333333,30824,13.7,4.7,93.0,4.8
20201024,4545.083333333333,102.02083333333333,8818.4375,1974.6458333333333,35.625,959.1875,-39.916666666666664,113.14583333333333,30825,12.6,6.2,83.0,0.0
20201025,4299.145833333333,77.95833333333333,7502.895833333333,1880.875,34.5,890.3541666666666,-111.6875,114.75,30826,11.5,5.3,84.0,9.9
20201026,5194.895833333333,823.9791666666666,9666.479166666666,1523.5625,39.770833333333336,995.5625,-57.729166666666664,115.3125,30827,8.9,5.6,86.0,3.0
20201027,5553.4375,626.6458333333334,9666.9375,2096.4166666666665,41.666666666666664,1144.75,-104.4375,113.4375,30828,9.4,7.2,83.0,2.4
20201028,5505.375,805.75,9529.770833333334,2518.2708333333335,51.208333333333336,1024.6458333333333,-18.354166666666668,159.8125,30829,11.4,7.6,81.0,1.8
20201029,5420.416666666667,653.2916666666666,9859.291666666666,1958.2291666666667,25.104166666666668,1067.4375,-58.416666666666664,113.41666666666667,30830,11.1,6.4,87.0,1.0
20201030,5204.541666666667,388.1666666666667,9789.5,1238.8958333333333,20.104166666666668,1126.125,-47.729166666666664,113.9375,30831,12.2,4.9,84.0,0.0
20201031,4585.083333333333,124.22916666666667,10246.270833333334,1254.9791666666667,89.66666666666667,1050.6041666666667,-18.270833333333332,115.16666666666667,30832,11.9,4.1,78.0,2.2
20201101,4329.854166666667,214.58333333333334,9395.3125,2490.25,13.083333333333334,1062.5625,-151.47916666666666,122.58333333333333,30833,14.7,7.1,87.0,1.6
20201102,4829.8125,388.0833333333333,8686.895833333334,2555.375,47.791666666666664,987.375,-97.0625,126.70833333333333,30834,17.0,7.9,77.0,2.0
20201103,5243.791666666667,828.5,10354.729166666666,710.7083333333334,27.916666666666668,1076.6041666666667,-93.4375,127.29166666666667,30835,8.6,3.4,87.0,0.2
20201104,5550.0625,926.0833333333334,10548.291666666666,490.5416666666667,65.20833333333333,1044.0208333333333,-97.58333333333333,126.35416666666667,30836,4.7,2.1,88.0,0.2
20201105,5603.979166666667,784.8541666666666,10434.166666666666,1489.4791666666667,79.89583333333333,1009.4375,-83.27083333333333,124.10416666666667,30837,5.2,3.8,78.0,0.0
20201106,5554.645833333333,518.5,10482.0625,1498.8333333333333,74.29166666666667,988.4375,-94.72916666666667,126.54166666666667,30838,5.9,2.8,83.0,0.0
20201107,4936.645833333333,225.5,10382.083333333334,1037.6458333333333,57.0625,937.1666666666666,-90.29166666666667,127.04166666666667,30839,8.9,2.4,85.0,0.0
20201108,4594.791666666667,231.08333333333334,10240.5,782.375,32.9375,874.5833333333334,-175.47916666666666,128.54166666666666,30840,12.7,3.1,78.0,0.6
20201109,5173.041666666667,830.6666666666666,10408.541666666666,240.5,63.291666666666664,903.4583333333334,-75.125,124.47916666666667,30841,12.5,2.8,85.0,0.2
20201110,5466.041666666667,1261.0625,10542.395833333334,47.395833333333336,34.458333333333336,910.6666666666666,-84.375,118.875,30842,11.4,1.7,92.0,11.3
20201111,4918.958333333333,605.1458333333334,10486.291666666666,274.375,19.5,836.9583333333334,-121.95833333333333,118.875,30843,10.4,1.8,98.0,0.2
20201112,5442.666666666667,1089.2708333333333,10476.625,928.7291666666666,38.9375,860.1041666666666,-84.4375,120.52083333333333,30844,9.9,4.4,88.0,0.4
20201113,5401.375,1119.0416666666667,10438.125,971.7291666666666,28.333333333333332,803.0833333333334,-86.29166666666667,119.39583333333333,30845,11.5,4.3,85.0,0.4
20201114,4667.833333333333,518.2083333333334,10447.583333333334,1113.2916666666667,66.41666666666667,735.4791666666666,-65.70833333333333,117.22916666666667,30846,12.2,3.6,81.0,0.0
20201115,4502.833333333333,235.41666666666666,8864.75,2802.75,47.854166666666664,727.5416666666666,-137.89583333333334,117.10416666666667,30847,12.8,6.9,79.0,3.0
20201116,5267.208333333333,1008.5833333333334,10114.979166666666,1843.4166666666667,22.145833333333332,773.3541666666666,-105.125,113.27083333333333,30848,8.8,5.9,88.0,0.4
20201117,5578.020833333333,1081.0416666666667,10534.895833333334,469.1666666666667,36.854166666666664,733.25,-97.95833333333333,110.6875,30849,8.4,3.3,88.0,0.0
20201118,5572.6875,1017.7291666666666,10484.645833333334,1004.25,72.1875,783.3125,-116.0,109.875,30850,8.9,3.6,78.0,2.4
20201119,5663.375,617.0833333333334,10403.833333333334,1663.8958333333333,29.479166666666668,768.7291666666666,-103.89583333333333,112.5625,30851,8.2,5.4,89.0,1.2
20201120,5736.8125,1479.8958333333333,10653.166666666666,184.29166666666666,43.979166666666664,828.3333333333334,-81.41666666666667,120.77083333333333,30852,2.9,1.8,91.0,0.0
20201121,5592.75,1048.8125,10645.583333333334,200.72916666666666,53.125,761.2708333333334,-133.08333333333334,120.58333333333333,30853,1.5,1.7,82.0,0.0
20201122,5407.208333333333,1349.9583333333333,10621.583333333334,79.20833333333333,35.270833333333336,682.1666666666666,-164.58333333333334,121.47916666666667,30854,3.9,1.6,74.0,0.0
20201123,5945.833333333333,1480.4166666666667,10629.208333333334,51.979166666666664,25.208333333333332,755.4791666666666,-66.39583333333333,122.64583333333333,30855,6.3,1.5,81.0,0.0
20201124,6186.270833333333,1436.375,10714.041666666666,414.2291666666667,23.6875,665.0833333333334,-86.25,125.8125,30856,1.7,2.1,99.0,0.0
20201125,6238.854166666667,1485.9375,10644.625,713.2083333333334,42.958333333333336,724.7916666666666,-98.3125,126.3125,30857,5.5,3.3,84.0,0.0
20201126,6224.104166666667,1865.7916666666667,10615.166666666666,263.875,53.083333333333336,682.125,-94.95833333333333,126.83333333333333,30858,6.5,2.5,74.0,0.0
20201127,6186.5,2013.4375,10535.8125,339.25,35.729166666666664,678.9583333333334,-131.4375,129.66666666666666,30859,4.3,1.9,87.0,0.0
20201128,5647.0,1384.2916666666667,9209.229166666666,968.5833333333334,36.041666666666664,593.0208333333334,-116.10416666666667,130.625,30860,1.9,3.0,92.0,0.0
20201129,5582.104166666667,1484.0416666666667,9243.541666666666,1009.9583333333334,18.333333333333332,589.3333333333334,-55.333333333333336,130.875,30861,-0.8,4.3,90.0,0.0
20201130,6612.125,1447.7916666666667,10713.583333333334,324.2083333333333,35.604166666666664,676.9791666666666,-35.354166666666664,129.8125,30862,-3.2,3.0,96.0,2.4
20201201,6671.1875,1554.7083333333333,10647.541666666666,1346.4166666666667,9.4375,642.0833333333334,-144.22916666666666,121.1875,30863,3.1,3.2,97.0,2.2
20201202,6487.375,1552.5625,10638.4375,267.6458333333333,8.020833333333334,722.2916666666666,-91.875,111.29166666666667,30864,1.5,2.3,95.0,0.0
20201203,6481.354166666667,1570.7708333333333,10608.145833333334,1882.9583333333333,15.666666666666666,619.5625,-85.02083333333333,114.77083333333333,30865,2.8,6.0,89.0,3.0
20201204,6279.833333333333,1043.6875,10391.708333333334,1809.2083333333333,11.541666666666666,635.125,-96.27083333333333,114.33333333333333,30866,4.8,6.2,89.0,2.0
20201205,5789.125,1129.4791666666667,10570.625,982.3541666666666,40.375,656.5833333333334,-107.6875,118.77083333333333,30867,2.8,3.0,86.0,0.0
20201206,5720.25,938.0625,10584.145833333334,251.16666666666666,21.958333333333332,649.6041666666666,-154.91666666666666,119.29166666666667,30868,1.1,1.5,96.0,0.0
20201207,6402.5,1451.4791666666667,9560.875,313.3541666666667,18.208333333333332,788.0,-91.14583333333333,119.375,30869,1.6,2.9,91.0,0.8
20201208,6617.395833333333,1454.6458333333333,9387.5,499.2291666666667,18.3125,714.4791666666666,-67.89583333333333,119.10416666666667,30870,2.0,2.6,96.0,2.2
20201209,6611.395833333333,1544.1666666666667,9386.0,175.35416666666666,8.958333333333334,723.5625,-75.66666666666667,117.72916666666667,30871,0.9,2.4,91.0,0.0
20201210,6661.1875,1484.3541666666667,9390.833333333334,754.2916666666666,36.5,708.3333333333334,-58.291666666666664,125.77083333333333,30872,0.0,2.3,88.0,0.0
20201211,6570.354166666667,1476.9166666666667,8775.0,1633.7916666666667,12.291666666666666,670.8958333333334,-57.4375,121.79166666666667,30873,3.7,5.9,92.0,7.4
20201212,5590.1875,1296.6041666666667,9231.8125,775.1458333333334,14.8125,720.8541666666666,-61.729166666666664,125.0625,30874,7.0,3.8,97.0,3.8
20201213,5338.229166666667,975.4583333333334,8789.166666666666,1041.1666666666667,21.166666666666668,759.9583333333334,-154.6875,126.70833333333333,30875,4.9,4.0,90.0,0.0
20201214,6025.0,1140.9166666666667,7764.145833333333,1503.1666666666667,28.520833333333332,829.8125,-46.458333333333336,129.5,30876,7.3,4.5,70.0,5.2
20201215,6103.6875,1301.3541666666667,8994.145833333334,747.3125,6.416666666666667,872.3541666666666,-47.895833333333336,124.33333333333333,30877,8.9,4.0,95.0,8.0
20201216,5977.166666666667,1358.6666666666667,9026.354166666666,842.5208333333334,32.041666666666664,877.5,-46.0625,122.375,30878,9.4,3.9,89.0,0.0
20201217,5963.416666666667,1418.1666666666667,8532.8125,1064.3125,19.604166666666668,883.7291666666666,-92.60416666666667,118.45833333333333,30879,7.6,4.2,90.0,1.0
20201218,5983.666666666667,1258.4166666666667,9078.833333333334,943.5833333333334,51.916666666666664,852.5625,-102.35416666666667,120.60416666666667,30880,6.4,3.8,92.0,0.0
20201219,5302.916666666667,544.4583333333334,9035.875,1800.2291666666667,25.895833333333332,865.3333333333334,-128.02083333333334,119.79166666666667,30881,10.3,6.2,80.0,1.8
20201220,5053.895833333333,964.0833333333334,9095.0,799.25,18.5,857.7916666666666,-128.33333333333334,117.54166666666667,30882,8.4,4.1,93.0,1.2
20201221,5569.395833333333,774.875,9040.020833333334,2060.0,10.979166666666666,860.8958333333334,-130.47916666666666,118.4375,30883,7.5,6.4,93.0,3.6
20201222,5349.979166666667,946.3333333333334,8682.375,2689.4791666666665,9.208333333333334,878.8541666666666,-104.20833333333333,114.70833333333333,30884,12.0,6.9,95.0,4.0
20201223,5057.854166666667,592.1458333333334,8957.3125,1977.8541666666667,7.833333333333333,1042.4375,-103.22916666666667,115.25,30885,11.2,6.1,86.0,7.0
20201224,4800.916666666667,296.625,8730.541666666666,2188.7291666666665,11.875,1132.4791666666667,-150.35416666666666,116.29166666666667,30886,5.2,6.5,91.0,5.7
20201225,4702.416666666667,298.5416666666667,8818.854166666666,1018.9791666666666,35.083333333333336,1228.375,-162.27083333333334,121.5625,30887,2.0,3.9,87.0,0.2
20201226,5180.604166666667,296.25,8996.875,847.5,22.958333333333332,1124.4583333333333,-114.22916666666667,119.16666666666667,30888,0.6,3.7,88.0,0.0
20201227,5279.270833333333,291.4166666666667,7063.145833333333,3037.75,8.1875,967.5625,-169.79166666666666,120.66666666666667,30889,1.6,10.4,85.0,9.3
20201228,5323.270833333333,805.1875,7649.604166666667,1802.25,18.104166666666668,908.2916666666666,-96.875,119.9375,30890,2.8,6.1,90.0,10.1
20201229,5432.083333333333,808.4375,9000.125,1093.1666666666667,19.708333333333332,958.9166666666666,-1.6041666666666667,116.58333333333333,30891,2.3,5.9,93.0,0.2
20201230,5512.666666666667,1070.0833333333333,9130.416666666666,753.0625,17.0,989.1666666666666,-97.52083333333333,119.08333333333333,30892,2.4,4.7,92.0,0.6
20201231,5492.083333333333,768.9375,9052.9375,1384.5416666666667,10.833333333333334,862.5833333333334,-119.8125,118.16666666666667,30893,1.6,5.5,93.0,3.2
